{"ImageId": "v00002_s00062(f004514-f004638)_g00096_f004585", "BlueHistogram": [0.1153428852558136, 0.2694023847579956, 0.11357828974723816, 0.05821126326918602, 0.05170898512005806, 0.04492594301700592, 0.0436197929084301, 0.0406629778444767, 0.03608669713139534, 0.03186170756816864, 0.03377007320523262, 0.02836642786860466, 0.02289496548473835, 0.02895236574113369, 0.04297688975930214, 0.0376383475959301], "GreenHistogram": [0.05075955018401146, 0.2472262978553772, 0.13426107168197632, 0.07027316838502884, 0.0436537005007267, 0.04247232899069786, 0.0360107421875, 0.0417616106569767, 0.04752061516046524, 0.04098578542470932, 0.0391303151845932, 0.0382554791867733, 0.03311767429113388, 0.02572428435087204, 0.02793511375784874, 0.0809122696518898], "RedHistogram": [0.015581597574055195, 0.05393201857805252, 0.06828884780406952, 0.1063910573720932, 0.09035509079694748, 0.06853163242340088, 0.06266411393880844, 0.07913411408662796, 0.07739529013633728, 0.06236978992819786, 0.05049099400639534, 0.04145507887005806, 0.0351087786257267, 0.03485378623008728, 0.03433295339345932, 0.11911485344171524]}