{"ImageId": "v01160_s00035(f002382-f002453)_g00036_f002425", "BlueHistogram": [0.6065405607223511, 0.16677448153495789, 0.048142362385988235, 0.031101059168577194, 0.02558114007115364, 0.02316977269947529, 0.02271655760705471, 0.020892726257443428, 0.013669590465724468, 0.009930555708706379, 0.00852339155972004, 0.005956688430160284, 0.00413742708042264, 0.0033013522624969482, 0.004777046851813793, 0.004785270430147648], "GreenHistogram": [0.5796810984611511, 0.14104805886745453, 0.06767818331718445, 0.027145467698574066, 0.025010965764522552, 0.018975693732500076, 0.024151133373379707, 0.02131761610507965, 0.02335343509912491, 0.01947825215756893, 0.01491867657750845, 0.011153142899274826, 0.00809119176119566, 0.0064528509974479675, 0.0072066886350512505, 0.004337536636739969], "RedHistogram": [0.5194910168647766, 0.1815195530653, 0.07979166507720947, 0.03154605254530907, 0.02313687838613987, 0.015669774264097214, 0.014479166828095913, 0.019744152203202248, 0.014815423637628555, 0.01875365525484085, 0.02373172529041767, 0.019861111417412758, 0.01641995646059513, 0.010488851927220821, 0.005576571449637413, 0.004974415060132742]}