{"ImageId": "v01422_s00030(f002288-f002465)_g00045_f002325", "BlueHistogram": [0.051922742277383804, 0.13553205132484436, 0.09263382852077484, 0.0968184545636177, 0.09731915593147278, 0.06238679215312004, 0.046465568244457245, 0.033915773034095764, 0.03459177166223526, 0.0670301616191864, 0.07400728017091751, 0.05105637386441231, 0.0456530898809433, 0.027277681976556778, 0.024167630821466446, 0.05922164395451546], "GreenHistogram": [0.053681641817092896, 0.1169402226805687, 0.0922817811369896, 0.08481963723897934, 0.08210153877735138, 0.08091206103563309, 0.08079487085342407, 0.043167680501937866, 0.043415918946266174, 0.06434232741594315, 0.050919655710458755, 0.04913351312279701, 0.042156513780355453, 0.05802866816520691, 0.024015480652451515, 0.03328848257660866], "RedHistogram": [0.05387454107403755, 0.10040461272001266, 0.061944566667079926, 0.0798858255147934, 0.06472957879304886, 0.060440659523010254, 0.07284963130950928, 0.06444022804498672, 0.06287157535552979, 0.07043583691120148, 0.05387357622385025, 0.038897208869457245, 0.0684702917933464, 0.051695238798856735, 0.06375530362129211, 0.031431328505277634]}