{"ImageId": "v01512_s00129(f022172-f022201)_g00363_f022177", "BlueHistogram": [0.0279405377805233, 0.11604166775941849, 0.26225802302360535, 0.37113064527511597, 0.201547309756279, 0.012929687276482582, 0.003572048619389534, 0.0018717447528615594, 0.0011089409235864878, 0.0005761718493886292, 0.0003287760482635349, 0.0001844618091126904, 0.0001367187505820766, 0.00012044270988553762, 0.00015516493294853717, 9.765625145519152e-05], "GreenHistogram": [0.02489691786468029, 0.1159646287560463, 0.25766709446907043, 0.3926323652267456, 0.13982747495174408, 0.011540798470377922, 0.007284071296453476, 0.007685546763241291, 0.037116970866918564, 0.003419053740799427, 0.0008973524090833962, 0.00042317708721384406, 0.0002289496478624642, 0.00013454860891215503, 0.00015842013817746192, 0.0001226128515554592], "RedHistogram": [0.008531901054084301, 0.07350694388151169, 0.09142469614744186, 0.18017578125, 0.2786838114261627, 0.24801431596279144, 0.05087456479668617, 0.0072135417722165585, 0.005457899533212185, 0.004571397788822651, 0.003538411343470216, 0.0028634981717914343, 0.0023980033583939075, 0.0025075955782085657, 0.0033897568937391043, 0.03684787452220917]}