{"Land vehicle": 0.9961627125740051, "Vehicle": 0.9903031587600708, "Motorcycle": 0.9893859624862671, "Motorcycling": 0.9821553230285645, "Motorcycle helmet": 0.982144832611084, "Helmet": 0.9663243293762207, "Motor vehicle": 0.962722659111023, "Motorcycle accessories": 0.9062051773071289, "Personal protective equipment": 0.8987359404563904, "Cruiser": 0.7641894817352295, "Headgear": 0.6747809648513794, "Car": 0.6633000373840332, "Automotive exterior": 0.6286581754684448, "Motorcycle fairing": 0.5041251182556152, "Traffic": 0.5031011700630188}