{"Face": 0.9577996134757996, "Nose": 0.8984259366989136, "Chin": 0.8945538997650146, "Eyebrow": 0.8639556765556335, "Beauty": 0.8638556003570557, "Lip": 0.8464059829711914, "Cheek": 0.8380320072174072, "Neck": 0.7793864011764526, "Black hair": 0.7752543091773987, "Mouth": 0.7148311138153076, "Jaw": 0.6302052736282349, "Ear": 0.5822066068649292, "Long hair": 0.5641460418701172, "Smile": 0.5404295921325684, "Brown hair": 0.5305126905441284, "Portrait": 0.5159003138542175, "Eyelash": 0.5103035569190979}