{"Art": 0.8428263664245605, "Finger": 0.8372350335121155, "Leaf": 0.8342376351356506, "Mouth": 0.769237756729126, "Painting": 0.7091232538223267, "Fun": 0.7039424180984497, "Hand": 0.6969173550605774, "Neck": 0.689909040927887, "Acrylic paint": 0.6754163503646851, "Paint": 0.6740224361419678, "Black hair": 0.6066192984580994, "Visual arts": 0.5931773781776428, "Modern art": 0.5425951480865479, "Watercolor paint": 0.5217443108558655, "Ear": 0.5123199820518494}