{"Fish": 0.9783286452293396, "Marine biology": 0.9723509550094604, "Underwater": 0.9526304006576538, "Organism": 0.8422173261642456, "Fin": 0.8148231506347656, "Water": 0.8073040843009949, "Cartilaginous fish": 0.7228398323059082, "Coral reef fish": 0.606254518032074, "Bony-fish": 0.5722380876541138, "Ocean": 0.5659181475639343}