{"Green": 0.974648118019104, "Stemware": 0.963680624961853, "Wine glass": 0.9527812600135803, "Aqua": 0.9448321461677551, "Drinkware": 0.9333083629608154, "Drink": 0.9231321811676025, "Glass": 0.92275470495224, "Champagne stemware": 0.9205995798110962, "Water": 0.9100271463394165, "Turquoise": 0.9021575450897217, "Alcoholic beverage": 0.7939295768737793, "Tableware": 0.7729890942573547, "Distilled beverage": 0.6649821996688843, "Cocktail": 0.6195282936096191, "Liquid": 0.5692406296730042}