{"Black": 0.9849877953529358, "Darkness": 0.9739475250244141, "White": 0.9654507637023926, "Sky": 0.9336194396018982, "Light": 0.916901707649231, "Red": 0.9153681993484497, "Text": 0.9121394753456116, "Brown": 0.8869289755821228, "Font": 0.8557851910591125, "Atmosphere": 0.8249121904373169, "Midnight": 0.7795843482017517, "Monochrome": 0.7715301513671875, "Night": 0.7608978152275085, "Black-and-white": 0.7436744570732117, "Design": 0.7203227281570435, "Pattern": 0.6568126678466797, "Monochrome photography": 0.6469677686691284, "Photography": 0.6242249608039856, "Moonlight": 0.598360002040863, "Space": 0.5664834976196289, "Logo": 0.5327439308166504}