{"Terrestrial plant": 0.9559658765792847, "Vegetation": 0.9123501181602478, "Plant": 0.9074227213859558, "Tree": 0.8723194003105164, "Botany": 0.8100310564041138, "Leaf": 0.8058615326881409, "Adaptation": 0.7725779414176941, "Vascular plant": 0.7650121450424194, "Flower": 0.7639898657798767, "Fern": 0.7367653250694275, "Organism": 0.7151590585708618, "Jungle": 0.6987777352333069, "Forest": 0.6344530582427979, "Ferns and horsetails": 0.6166203022003174, "Rainforest": 0.5871676206588745, "Wildlife": 0.5761504173278809, "Ostrich fern": 0.5419216752052307, "Nepenthes": 0.5171604156494141}