{"Community": 0.8028326034545898, "Temple": 0.7509463429450989, "Fun": 0.7039424180984497, "Leisure": 0.6809553503990173, "Monk": 0.6786248087882996, "Tradition": 0.5583738684654236}