{"Freestyle bmx": 0.9628889560699463, "Flatland bmx": 0.8660643100738525, "Recreation": 0.8328683972358704, "Vehicle": 0.716739296913147, "Footwear": 0.7008925676345825, "Sports": 0.6812714338302612, "Extreme sport": 0.6575216054916382, "Sports equipment": 0.6561175584793091, "Bicycle motocross": 0.64014732837677, "Photography": 0.6242249608039856, "Street stunts": 0.6008549928665161, "Asphalt": 0.5980019569396973, "Individual sports": 0.554772675037384, "Skatepark": 0.5366930961608887, "Boardsport": 0.53522789478302, "Cycle sport": 0.5243024230003357, "Stunt": 0.5031940937042236, "Cycling": 0.5006541609764099}