{"Body of water": 0.9765997529029846, "Waterway": 0.9690144062042236, "Water": 0.9512578248977661, "Building": 0.8621849417686462, "Canal": 0.847316324710846, "River": 0.8331560492515564, "Water transportation": 0.7621854543685913, "Palace": 0.7393859028816223, "Channel": 0.733686625957489, "Ch\u00e2teau": 0.7112095355987549, "Vehicle": 0.6831889748573303, "Tourism": 0.6617092490196228, "Bank": 0.6593748927116394, "Architecture": 0.6545118689537048, "Reflecting pool": 0.6544815301895142, "Reflection": 0.6290807127952576, "City": 0.6214529275894165, "Watercourse": 0.6053915619850159, "Estate": 0.5847302675247192, "Tourist attraction": 0.5282806754112244, "Lake": 0.5201671719551086, "Boating": 0.5017013549804688}