{"Lady": 0.8549701571464539, "Snapshot": 0.8386370539665222, "Conversation": 0.7639120817184448, "Human": 0.746764600276947, "Fun": 0.7039424180984497, "Black hair": 0.6344599723815918, "Photography": 0.6242249608039856, "Scene": 0.5657733082771301}