{"Marine biology": 0.9655975103378296, "Underwater": 0.9652661085128784, "Water": 0.9578154683113098, "Fish": 0.7690550088882446, "Organism": 0.8675184845924377, "Aqua": 0.8542686104774475, "Azure": 0.8385488390922546, "Forage fish": 0.8242109417915344, "Shoal": 0.7934987545013428, "Herring": 0.7464043498039246, "Ocean": 0.7425397634506226, "Sardine": 0.7023011445999146, "Electric blue": 0.6755332946777344, "Herring family": 0.6706753373146057, "Sea": 0.6356927156448364, "Coral reef fish": 0.5806528925895691, "Bony-fish": 0.578127384185791, "Fin": 0.5179852843284607}