{"Ceremony": 0.8293163180351257, "Ritual": 0.6940745711326599, "Event": 0.6273695826530457, "Tradition": 0.617984414100647, "Membranophone": 0.5762739181518555}