{"Land vehicle": 0.9961627125740051, "Vehicle": 0.9903031587600708, "Car": 0.9870125651359558, "Mode of transport": 0.8725296258926392, "Crash": 0.8474377393722534, "Supercar": 0.8444348573684692, "Transport": 0.835134744644165, "Automotive design": 0.7228396534919739, "Luxury vehicle": 0.6844155192375183, "Event": 0.6273695826530457, "Personal luxury car": 0.6065523624420166, "Traffic": 0.5936700105667114, "Pedestrian": 0.5546882748603821, "Road": 0.527065098285675}