{"Skateboarding Equipment": 0.9702092409133911, "Boardsport": 0.9693616628646851, "Skateboarding": 0.9685080051422119, "Asphalt": 0.9641018509864807, "Skateboard": 0.9601784944534302, "Longboard": 0.9400577545166016, "Skateboarder": 0.9387094378471375, "Longboarding": 0.8918652534484863, "Recreation": 0.8839155435562134, "Freebord": 0.8594644665718079, "Public space": 0.8360670804977417, "Tree": 0.8254543542861938, "Footwear": 0.8162633180618286, "Sports equipment": 0.8124108910560608, "Photography": 0.7752595543861389, "Sport venue": 0.7655137181282043, "Freeride": 0.7527241110801697, "Extreme sport": 0.7375847697257996, "Fun": 0.7039424180984497, "Kickflip": 0.6925002336502075, "Grind rail": 0.6833758354187012, "Leisure": 0.6809553503990173, "Individual sports": 0.6772117018699646, "Sports": 0.667192816734314, "Landscape": 0.5930580496788025, "Road": 0.5846935510635376}