{"Face": 0.9925681948661804, "Hair": 0.9885603785514832, "Nose": 0.9761887788772583, "Eyebrow": 0.974389374256134, "Forehead": 0.9668384194374084, "Facial expression": 0.9447944760322571, "Smile": 0.9420085549354553, "Chin": 0.9211590886116028, "Head": 0.9208564162254333, "Lip": 0.9200717806816101, "Cheek": 0.9160432815551758, "Hairstyle": 0.893006443977356, "Mouth": 0.8925691843032837, "Skin": 0.8811389803886414, "Beauty": 0.8638556003570557, "Close-up": 0.8236038088798523, "Neck": 0.7793864011764526, "Tooth": 0.7778577208518982, "Black hair": 0.769770622253418, "Eye": 0.7586227655410767, "Jaw": 0.7498694062232971, "Fun": 0.7039424180984497, "Eyelash": 0.7002093195915222, "Ear": 0.6655469536781311, "Brown hair": 0.662268340587616, "Happy": 0.6166475415229797, "Selfie": 0.5926011800765991, "Laugh": 0.5916907787322998, "Throat": 0.5523277521133423}