{"Nose": 0.9234239459037781, "Finger": 0.9199355840682983, "Hand": 0.9077037572860718, "Mouth": 0.8957090973854065, "Skin": 0.8811389803886414, "Lip": 0.8608852624893188, "Cheek": 0.8380320072174072, "Close-up": 0.8004368543624878, "Eye": 0.7865645289421082, "Neck": 0.7676558494567871, "Ear": 0.750139594078064, "Leg": 0.733493447303772, "Human body": 0.7087175846099854, "Flesh": 0.6990759968757629, "Photography": 0.6778864860534668, "Nail": 0.6534982919692993, "Muscle": 0.6424193978309631, "Music": 0.5940788388252258, "Thumb": 0.583548903465271, "Eyelash": 0.5103035569190979}