{"Plant": 0.7470011115074158, "Finger": 0.6978344917297363, "Hand": 0.6600293517112732, "Art": 0.6253476738929749, "Nepenthes": 0.5613700747489929}