{"Bride": 0.9826222062110901, "Photograph": 0.9682179093360901, "Wedding dress": 0.9566380381584167, "Ceremony": 0.9240304827690125, "Bridal clothing": 0.9157800674438477, "Dress": 0.907734215259552, "Wedding": 0.8872620463371277, "Gown": 0.8639375567436218, "Male": 0.808988630771637, "Bridal accessory": 0.797129213809967, "Event": 0.7475100755691528, "Groom": 0.740153431892395, "Fun": 0.7039424180984497, "Tree": 0.6869218349456787, "Happy": 0.662050187587738, "Marriage": 0.6605682969093323, "Photography": 0.6242249608039856, "Veil": 0.6186378598213196, "Landscape": 0.5930580496788025, "Plant": 0.585474967956543, "Formal wear": 0.5228210091590881, "Gesture": 0.5173180103302002}