{"Blue": 0.9847932457923889, "Water": 0.9617570638656616, "Underwater": 0.9601612687110901, "Marine biology": 0.9533394575119019, "Aqua": 0.948600709438324, "Azure": 0.9208734631538391, "Turquoise": 0.8958932757377625, "Organism": 0.7941054701805115, "Ocean": 0.7514255046844482, "Atmosphere": 0.7289918065071106, "Sea": 0.7275333404541016, "Electric blue": 0.7031877636909485, "Fish": 0.6301284432411194}