{"Marine biology": 0.9576302170753479, "Underwater": 0.9476682543754578, "Fish": 0.9366821646690369, "Blue": 0.9118428230285645, "Aqua": 0.8362791538238525, "Azure": 0.8264385461807251, "Water": 0.8073040843009949, "Fin": 0.8051103353500366, "Organism": 0.7151590585708618, "Ocean": 0.6824652552604675, "Sea": 0.6611340641975403, "Shoal": 0.658210039138794, "Cartilaginous fish": 0.6052566766738892, "Carcharhiniformes": 0.5267373323440552}