{"Standing": 0.8970572352409363, "Snapshot": 0.8643892407417297, "Transport": 0.8513096570968628, "Lighting": 0.8283119797706604, "Metropolitan area": 0.8263764381408691, "Pedestrian": 0.8004480004310608, "Urban area": 0.7801249027252197, "Infrastructure": 0.7579090595245361, "Street": 0.7285232543945312, "Door": 0.7272918820381165, "Building": 0.720099687576294, "Window": 0.7195040583610535, "Facade": 0.667417585849762, "Architecture": 0.6545118689537048, "City": 0.6420290470123291, "Crowd": 0.6268818974494934, "Photography": 0.6242249608039856, "Signage": 0.6069386601448059, "Glass": 0.5861915946006775, "Automotive window part": 0.5417895317077637, "Road": 0.527065098285675}