{"Event": 0.7105559706687927, "Fun": 0.7039424180984497, "Leg": 0.6920332312583923, "Trunk": 0.5745025873184204, "Black hair": 0.5697500109672546, "Dance": 0.5289398431777954, "Hip": 0.5067072510719299}