{"Freestyle bmx": 0.9787709712982178, "Flatland bmx": 0.9558199048042297, "Cycle sport": 0.920016348361969, "Skateboard": 0.8705965280532837, "Sports": 0.8356071710586548, "Boardsport": 0.822035551071167, "Skateboarding Equipment": 0.8036882281303406, "Sports equipment": 0.7961307168006897, "Photography": 0.7798643112182617, "Recreation": 0.7695762515068054, "Skateboarding": 0.7565429210662842, "Extreme sport": 0.7530814409255981, "Kickflip": 0.7465442419052124, "Bmx bike": 0.7039986848831177, "Bicycle motocross": 0.6585999131202698, "Individual sports": 0.6066583395004272, "Skatepark": 0.5881592631340027, "Sport venue": 0.5418516397476196}