{"ImageId": "v00095_s00015(f006905-f007357)_g00030_f007132", "BlueHistogram": [0.09884114563465118, 0.08730275928974152, 0.06059702858328819, 0.062264177948236465, 0.067383773624897, 0.0811072513461113, 0.06864293664693832, 0.07077739387750626, 0.07783613353967667, 0.07789110392332077, 0.03367573395371437, 0.026407696306705475, 0.0252010989934206, 0.023213252425193787, 0.024282407015562057, 0.11457610130310059], "GreenHistogram": [0.1348726898431778, 0.06978732347488403, 0.05032503977417946, 0.058227237313985825, 0.06425781548023224, 0.07805700600147247, 0.0676003098487854, 0.060745563358068466, 0.06786265224218369, 0.08212191611528397, 0.05477961152791977, 0.026601562276482582, 0.022154707461595535, 0.019814815372228622, 0.01846257783472538, 0.12432918697595596], "RedHistogram": [0.10086419433355331, 0.08807677775621414, 0.05120611563324928, 0.05158854275941849, 0.06443142145872116, 0.07717400044202805, 0.06802951544523239, 0.06512924283742905, 0.06884404271841049, 0.07612317055463791, 0.055823687463998795, 0.04267071932554245, 0.023870080709457397, 0.01818528212606907, 0.019841821864247322, 0.1281414031982422]}