{"ImageId": "v00271_s00058(f012158-f012291)_g00124_f012257", "BlueHistogram": [0.16712500154972076, 0.008774305693805218, 0.060461804270744324, 0.10357291996479034, 0.08966319262981415, 0.07072916626930237, 0.05619097128510475, 0.048885416239500046, 0.04403819516301155, 0.03888194262981415, 0.036472223699092865, 0.0629756972193718, 0.061038196086883545, 0.022326389327645302, 0.009357638657093048, 0.11950694769620895], "GreenHistogram": [0.1669652760028839, 0.013208333402872086, 0.058868054300546646, 0.10059375315904617, 0.08523263782262802, 0.07825347036123276, 0.07027778029441833, 0.05739930644631386, 0.028427083045244217, 0.036559026688337326, 0.04662499949336052, 0.07447221875190735, 0.03979513794183731, 0.017267361283302307, 0.007090277969837189, 0.1189652755856514], "RedHistogram": [0.1667708307504654, 0.0093263890594244, 0.0395381934940815, 0.08138889074325562, 0.08656597137451172, 0.07650347054004669, 0.07586805522441864, 0.05913194268941879, 0.037486109882593155, 0.034302081912755966, 0.030260415747761726, 0.04651041701436043, 0.07392013818025589, 0.04393055662512779, 0.018444444984197617, 0.12005208432674408]}