{"ImageId": "v00403_s00032(f005112-f005661)_g00047_f005304", "BlueHistogram": [0.0004394531133584678, 0.030844183638691902, 0.03392578288912773, 0.06850477308034897, 0.06201280280947685, 0.03720052167773247, 0.04316514730453491, 0.15873806178569794, 0.16648437082767487, 0.12015190720558167, 0.05489366501569748, 0.08254774659872055, 0.0695529505610466, 0.03353407233953476, 0.01998697966337204, 0.01801757887005806], "GreenHistogram": [0.00010959201608784497, 0.03215494751930237, 0.01770941913127899, 0.05008680373430252, 0.05932508781552315, 0.036048177629709244, 0.032353516668081284, 0.06047200411558151, 0.2173643708229065, 0.17048828303813934, 0.14077147841453552, 0.08067166060209274, 0.0432942695915699, 0.023165147751569748, 0.01645073853433132, 0.019534505903720856], "RedHistogram": [9.11458337213844e-05, 0.02998046949505806, 0.027816839516162872, 0.048032768070697784, 0.03883029520511627, 0.04353732615709305, 0.037839625030756, 0.03372395783662796, 0.12226779758930206, 0.26349934935569763, 0.16582465171813965, 0.06854383647441864, 0.06593641638755798, 0.01861436665058136, 0.014628905802965164, 0.020832248032093048]}