{"ImageId": "v00546_s00038(f003552-f003696)_g00078_f003625", "BlueHistogram": [0.2574121057987213, 0.0009939236333593726, 0.012290582060813904, 0.1587413251399994, 0.12524956464767456, 0.0708821639418602, 0.04860243201255798, 0.03392361104488373, 0.030654296278953552, 0.0425911471247673, 0.053067490458488464, 0.04511067643761635, 0.019217664375901222, 0.033818360418081284, 0.06611111015081406, 0.0013335503172129393], "GreenHistogram": [0.25763562321662903, 0.0020724826026707888, 0.10140950232744217, 0.15875326097011566, 0.0936393216252327, 0.046654731035232544, 0.041451822966337204, 0.028532985597848892, 0.035897351801395416, 0.045602213591337204, 0.05111762136220932, 0.027309028431773186, 0.017085503786802292, 0.036178383976221085, 0.05665038898587227, 9.765624781721272e-06], "RedHistogram": [0.25752928853034973, 0.001245659776031971, 0.15761175751686096, 0.12193142622709274, 0.08074761182069778, 0.03883355110883713, 0.04184678941965103, 0.027949219569563866, 0.04074327275156975, 0.05078776180744171, 0.04290798678994179, 0.031209852546453476, 0.015894096344709396, 0.03730468824505806, 0.05344509705901146, 1.1935763723158743e-05]}