{"ImageId": "v00691_s00017(f001526-f001639)_g00032_f001588", "BlueHistogram": [0.26423177123069763, 0.05967447906732559, 0.05605468899011612, 0.028750000521540642, 0.024531250819563866, 0.017526041716337204, 0.015130207873880863, 0.031367186456918716, 0.04859374836087227, 0.05944010242819786, 0.07507812231779099, 0.17423176765441895, 0.09471353888511658, 0.023059895262122154, 0.007578125223517418, 0.020039062947034836], "GreenHistogram": [0.26244792342185974, 0.059817709028720856, 0.05628906190395355, 0.02317708358168602, 0.021054686978459358, 0.016705729067325592, 0.015130207873880863, 0.011302083730697632, 0.012721354141831398, 0.014192708767950535, 0.050638020038604736, 0.08251301944255829, 0.18485677242279053, 0.08565104007720947, 0.043802082538604736, 0.05970052257180214], "RedHistogram": [0.24308593571186066, 0.029192708432674408, 0.05751302093267441, 0.049401041120290756, 0.013489583507180214, 0.015325521118938923, 0.021341145038604736, 0.016744792461395264, 0.010494791902601719, 0.012330729514360428, 0.012604166753590107, 0.028046874329447746, 0.0681380182504654, 0.1869531273841858, 0.0888151004910469, 0.14652343094348907]}