{"ImageId": "v00774_s00032(f002653-f002682)_g00072_f002675", "BlueHistogram": [0.0409071184694767, 0.43780380487442017, 0.1799609363079071, 0.04268663376569748, 0.027638887986540794, 0.02439236082136631, 0.018524305894970894, 0.015546875074505806, 0.010980903171002865, 0.007994791492819786, 0.0073437499813735485, 0.00852864608168602, 0.005060764029622078, 0.0046961805783212185, 0.007977430708706379, 0.15995660424232483], "GreenHistogram": [0.013741319067776203, 0.4360850751399994, 0.2133246511220932, 0.041028644889593124, 0.029305554926395416, 0.020516492426395416, 0.018233507871627808, 0.01575520820915699, 0.010911458171904087, 0.008849826641380787, 0.00807291641831398, 0.008715277537703514, 0.006245659664273262, 0.011974826455116272, 0.10623697936534882, 0.05100260302424431], "RedHistogram": [0.055568575859069824, 0.4439105987548828, 0.17152343690395355, 0.03683159872889519, 0.026072049513459206, 0.020802950486540794, 0.01812065951526165, 0.014171007089316845, 0.01059027761220932, 0.01032986119389534, 0.010121528059244156, 0.016653645783662796, 0.07624132186174393, 0.05866319313645363, 0.019592013210058212, 0.010807291604578495]}