{"ImageId": "v00848_s00289(f055432-f055482)_g00458_f055474", "BlueHistogram": [0.011484375223517418, 0.0644010379910469, 0.19750000536441803, 0.11201389133930206, 0.029856771230697632, 0.01349826343357563, 0.005768229253590107, 0.004535590298473835, 0.003867187537252903, 0.004214409738779068, 0.02686631865799427, 0.010225694626569748, 0.007673610933125019, 0.006979166530072689, 0.017504340037703514, 0.4836111068725586], "GreenHistogram": [0.01117621548473835, 0.05748697742819786, 0.1786024272441864, 0.13569878041744232, 0.035859376192092896, 0.009383680298924446, 0.005668402649462223, 0.0042838542722165585, 0.0037630207370966673, 0.0037543403450399637, 0.0038064236287027597, 0.029088541865348816, 0.009730902500450611, 0.007209201343357563, 0.010217013768851757, 0.49427083134651184], "RedHistogram": [0.011158853769302368, 0.05690104141831398, 0.14520832896232605, 0.0864800363779068, 0.09190972149372101, 0.03328559175133705, 0.006974826566874981, 0.0046961805783212185, 0.0038064236287027597, 0.003676215186715126, 0.003927951212972403, 0.027764756232500076, 0.010325521230697632, 0.00794270820915699, 0.009934895671904087, 0.49600693583488464]}