{"ImageId": "v00997_s00032(f004901-f005500)_g00045_f005034", "BlueHistogram": [0.013524787500500679, 0.0839313268661499, 0.07555073499679565, 0.13551071286201477, 0.18991945683956146, 0.15314477682113647, 0.07794656604528427, 0.0382484570145607, 0.012558352202177048, 0.003722511464729905, 0.0017597414553165436, 0.0011882715625688434, 0.004892939701676369, 0.1008603423833847, 0.04426697641611099, 0.06297405809164047], "GreenHistogram": [0.030741704627871513, 0.05887056142091751, 0.027970679104328156, 0.05540991574525833, 0.12256462126970291, 0.17399932444095612, 0.13922549784183502, 0.09319396317005157, 0.05141444876790047, 0.023826677352190018, 0.029407793655991554, 0.035413771867752075, 0.06030285358428955, 0.028414834290742874, 0.03495032712817192, 0.03429301828145981], "RedHistogram": [0.025773534551262856, 0.06084394454956055, 0.02503279410302639, 0.06405719369649887, 0.1237543374300003, 0.18496334552764893, 0.17797261476516724, 0.141270250082016, 0.09147665649652481, 0.03887345641851425, 0.016104841604828835, 0.011751542799174786, 0.00865306705236435, 0.008954957127571106, 0.009160397574305534, 0.011357060633599758]}