{"ImageId": "v01018_s00110(f008237-f008332)_g00160_f008295", "BlueHistogram": [0.9883615374565125, 0.0017588975606486201, 0.0012413194635882974, 0.0012641059001907706, 0.0018988715019077063, 0.0039919703267514706, 0.001438802108168602, 4.4487846025731415e-05, 0.0, 0.0, 0.0, 0.0, 0.0, 0.0, 0.0, 0.0], "GreenHistogram": [0.9883615374565125, 0.0017588975606486201, 0.0012413194635882974, 0.0012641059001907706, 0.0018988715019077063, 0.0039919703267514706, 0.001438802108168602, 4.4487846025731415e-05, 0.0, 0.0, 0.0, 0.0, 0.0, 0.0, 0.0, 0.0], "RedHistogram": [0.9883615374565125, 0.0017588975606486201, 0.0012413194635882974, 0.0012641059001907706, 0.0018988715019077063, 0.0039919703267514706, 0.001438802108168602, 4.4487846025731415e-05, 0.0, 0.0, 0.0, 0.0, 0.0, 0.0, 0.0, 0.0]}