{"ImageId": "v01106_s00024(f010062-f010628)_g00086_f010453", "BlueHistogram": [0.2530946135520935, 0.17993924021720886, 0.14269530773162842, 0.1371571123600006, 0.11586371809244156, 0.06697048246860504, 0.03194010257720947, 0.01690538227558136, 0.010429687798023224, 0.0072916666977107525, 0.006076388992369175, 0.006762153003364801, 0.009817708283662796, 0.011974826455116272, 0.002556423656642437, 0.0005251736147329211], "GreenHistogram": [0.06251302361488342, 0.17503471672534943, 0.14828993380069733, 0.14191406965255737, 0.1390451341867447, 0.1272829920053482, 0.0811631977558136, 0.04136718809604645, 0.024210069328546524, 0.015768229961395264, 0.012296007014811039, 0.012751735746860504, 0.013854166492819786, 0.0027690972201526165, 0.0010850694961845875, 0.000655381940305233], "RedHistogram": [0.03621527925133705, 0.14650607109069824, 0.14804688096046448, 0.13909287750720978, 0.1362239569425583, 0.12297742813825607, 0.09399739652872086, 0.054479166865348816, 0.041783854365348816, 0.02914496511220932, 0.018680555745959282, 0.018233507871627808, 0.00917968712747097, 0.0030425346922129393, 0.0013064235681667924, 0.0010894096922129393]}