{"ImageId": "v01181_s00092(f010661-f010709)_g00116_f010680", "BlueHistogram": [0.7066916227340698, 0.07870008796453476, 0.02670355886220932, 0.0067762588150799274, 0.0062879775650799274, 0.010079209692776203, 0.01790364645421505, 0.021101346239447594, 0.03714084252715111, 0.025202907621860504, 0.02387044206261635, 0.02738064154982567, 0.008184678852558136, 0.0038248698692768812, 0.00015190972771961242, 0.0], "GreenHistogram": [0.5111230611801147, 0.27046874165534973, 0.029509548097848892, 0.0073578557930886745, 0.006151258479803801, 0.008849826641380787, 0.01615125872194767, 0.013422309421002865, 0.025235459208488464, 0.04452582448720932, 0.024775391444563866, 0.027921006083488464, 0.009899088181555271, 0.004395616240799427, 0.0002137586852768436, 0.0], "RedHistogram": [0.6944780945777893, 0.08629339933395386, 0.029051648452878, 0.007937283255159855, 0.0055436198599636555, 0.007697482593357563, 0.008960503153502941, 0.01319986954331398, 0.019675564020872116, 0.018784722313284874, 0.039428167045116425, 0.05388020724058151, 0.010234374552965164, 0.0046451822854578495, 0.00018988715601153672, 0.0]}