{"ImageId": "v01246_s00006(f000634-f000813)_g00007_f000725", "BlueHistogram": [0.5714730620384216, 0.010343071073293686, 0.014028532430529594, 0.01747056096792221, 0.0240206066519022, 0.026228487491607666, 0.02857789769768715, 0.022214673459529877, 0.019299140200018883, 0.023097826167941093, 0.02610393986105919, 0.027977807447314262, 0.05898437649011612, 0.08772645145654678, 0.04237998276948929, 7.359601295320317e-05], "GreenHistogram": [0.558525800704956, 0.0050498186610639095, 0.007382246199995279, 0.007336956448853016, 0.0117300720885396, 0.014990941621363163, 0.018766984343528748, 0.027853261679410934, 0.026613451540470123, 0.02734375, 0.0247169379144907, 0.02365262620151043, 0.03862658515572548, 0.06538722664117813, 0.1392946094274521, 0.0027287136763334274], "RedHistogram": [0.5559329986572266, 0.002564538037404418, 0.005015851464122534, 0.0031363223679363728, 0.004851675592362881, 0.006459465716034174, 0.008531476370990276, 0.014368206262588501, 0.013739809393882751, 0.016615714877843857, 0.028175951912999153, 0.045108694583177567, 0.062035780400037766, 0.08144248276948929, 0.13997961580753326, 0.012041440233588219]}