{"ImageId": "v01310_s00089(f004859-f004902)_g00118_f004860", "BlueHistogram": [0.31317058205604553, 0.058065321296453476, 0.04592122510075569, 0.03555012866854668, 0.029478082433342934, 0.03597113862633705, 0.04334201291203499, 0.04747612774372101, 0.06026909872889519, 0.09529730677604675, 0.09807400405406952, 0.04632703959941864, 0.029761284589767456, 0.025641275569796562, 0.022062717005610466, 0.013592665083706379], "GreenHistogram": [0.3040321171283722, 0.03247504308819771, 0.04666341096162796, 0.03748806565999985, 0.03198784589767456, 0.02850911393761635, 0.032787542790174484, 0.042114801704883575, 0.04908311739563942, 0.05833116173744202, 0.09497829526662827, 0.0872916653752327, 0.05301106721162796, 0.0361056849360466, 0.030032552778720856, 0.03510850667953491], "RedHistogram": [0.299333781003952, 0.0133192278444767, 0.017188584432005882, 0.026726344600319862, 0.02747504413127899, 0.02706163190305233, 0.025631509721279144, 0.023816188797354698, 0.025860460475087166, 0.03009982593357563, 0.031219618394970894, 0.04368489608168602, 0.09731011092662811, 0.0961349830031395, 0.07604383677244186, 0.13909396529197693]}