{"ImageId": "v01476_s00057(f003664-f003724)_g00090_f003700", "BlueHistogram": [0.5687901377677917, 0.07198350876569748, 0.053323566913604736, 0.04427625983953476, 0.0661642774939537, 0.049932725727558136, 0.044495441019535065, 0.031474608927965164, 0.01671440899372101, 0.01174045167863369, 0.012523871846497059, 0.016110025346279144, 0.0065874564461410046, 0.0035698784049600363, 0.0016503906808793545, 0.0006629774579778314], "GreenHistogram": [0.6017556190490723, 0.0702853724360466, 0.07605468481779099, 0.06079209968447685, 0.06290256232023239, 0.03827473893761635, 0.021410590037703514, 0.012296007014811039, 0.008875868283212185, 0.006656900979578495, 0.0055436198599636555, 0.005551215261220932, 0.013776041567325592, 0.011075303889811039, 0.0032964409328997135, 0.0014529080362990499], "RedHistogram": [0.5410264730453491, 0.09141276031732559, 0.06431098282337189, 0.07290256023406982, 0.06272894889116287, 0.037192925810813904, 0.032924260944128036, 0.02435872331261635, 0.012989366427063942, 0.009086371399462223, 0.006582031026482582, 0.0054806857369840145, 0.0054047307930886745, 0.007012804038822651, 0.014975043013691902, 0.011611328460276127]}