{"ImageId": "v01595_s00014(f001693-f001744)_g00031_f001728", "BlueHistogram": [0.0023673803079873323, 0.19793450832366943, 0.3087051510810852, 0.20242911577224731, 0.10572434216737747, 0.0659201368689537, 0.03406008705496788, 0.01795235276222229, 0.011183449067175388, 0.008331404067575932, 0.011546585708856583, 0.017807677388191223, 0.011077353730797768, 0.0028351659420877695, 0.0013155863853171468, 0.0008097029058262706], "GreenHistogram": [0.016474246978759766, 0.13391444087028503, 0.2240673154592514, 0.1984032541513443, 0.13437403738498688, 0.09729889780282974, 0.06064043194055557, 0.03720679134130478, 0.024574169889092445, 0.015229552052915096, 0.009522569365799427, 0.01004002708941698, 0.012812499888241291, 0.00904176291078329, 0.008870563469827175, 0.007529417518526316], "RedHistogram": [0.018567226827144623, 0.19741512835025787, 0.2822844386100769, 0.19516299664974213, 0.10933207720518112, 0.06988666951656342, 0.03524402156472206, 0.019512442871928215, 0.011869695037603378, 0.008310667239129543, 0.009254436939954758, 0.013269675895571709, 0.010179398581385612, 0.010162519291043282, 0.008296200074255466, 0.001252411282621324]}