{"ImageId": "v01691_s00019(f012111-f012532)_g00070_f012420", "BlueHistogram": [0.0039138454012572765, 0.001028645783662796, 0.008904079906642437, 0.6138997673988342, 0.007936198264360428, 0.018710937350988388, 0.04774414002895355, 0.07755099982023239, 0.04273112118244171, 0.07453016191720963, 0.1010449230670929, 0.0005707465461455286, 0.00048285588854923844, 0.0005859375232830644, 0.00018880207790061831, 0.00017686632054392248], "GreenHistogram": [0.001580946147441864, 0.0004969618166796863, 0.006608073133975267, 0.6153591871261597, 0.008042534813284874, 0.018713107332587242, 0.0479058176279068, 0.0793749988079071, 0.04433051124215126, 0.07457682490348816, 0.10101562738418579, 0.0005512152565643191, 0.0004937066114507616, 0.0005859375232830644, 0.0001985677081393078, 0.00016601562674622983], "RedHistogram": [0.0014322916977107525, 0.0006022135494276881, 0.00627170130610466, 0.6113910675048828, 0.010453559458255768, 0.019917534664273262, 0.047338325530290604, 0.07870225608348846, 0.042722437530756, 0.07473958283662796, 0.10109483450651169, 0.0005805121618323028, 0.0005295138689689338, 0.0007975260377861559, 0.0005761718493886292, 0.0028504773508757353]}