{"ImageId": "v01762_s00005(f001046-f001358)_g00011_f001108", "BlueHistogram": [0.028333554044365883, 0.024344544857740402, 0.03114737756550312, 0.04719279706478119, 0.05479343235492706, 0.05290651321411133, 0.0634368360042572, 0.07401681691408157, 0.07701271027326584, 0.0819220095872879, 0.05045021325349808, 0.03254435956478119, 0.034080374985933304, 0.0399894081056118, 0.05424390733242035, 0.2535851299762726], "GreenHistogram": [0.023934056982398033, 0.002347060479223728, 0.004763638600707054, 0.10650158673524857, 0.18770194053649902, 0.12475503236055374, 0.05824616178870201, 0.036824680864810944, 0.038483183830976486, 0.07364605367183685, 0.09722258895635605, 0.07767809927463531, 0.04705706983804703, 0.025496557354927063, 0.01690942794084549, 0.07843286544084549], "RedHistogram": [0.025139035657048225, 0.002386784879490733, 0.02185513824224472, 0.14437235891819, 0.21642279624938965, 0.0969180315732956, 0.07981991767883301, 0.04758673161268234, 0.03329581394791603, 0.029952330514788628, 0.0341896191239357, 0.042243774980306625, 0.03651350736618042, 0.028717558830976486, 0.027880031615495682, 0.13270656764507294]}