{"ImageId": "v01841_s00043(f002002-f002261)_g00056_f002007", "BlueHistogram": [0.005810546688735485, 0.039082031697034836, 0.020110677927732468, 0.04453776031732559, 0.04556640610098839, 0.026748046278953552, 0.03166666626930237, 0.07521159201860428, 0.08594075590372086, 0.12073241919279099, 0.1856868416070938, 0.14711913466453552, 0.08593424409627914, 0.07712239772081375, 0.008655599318444729, 7.486979302484542e-05], "GreenHistogram": [0.00428059883415699, 0.03882487118244171, 0.035403646528720856, 0.02543945237994194, 0.02446288987994194, 0.02662760391831398, 0.024261068552732468, 0.026507161557674408, 0.0628548189997673, 0.0882682278752327, 0.12586914002895355, 0.17773112654685974, 0.12836913764476776, 0.05658202990889549, 0.07940429449081421, 0.0751139298081398], "RedHistogram": [0.0005078124813735485, 0.023164061829447746, 0.01679687574505806, 0.007783202920109034, 0.007799479179084301, 0.018352864310145378, 0.019690755754709244, 0.02276041731238365, 0.02511393278837204, 0.045755207538604736, 0.08514974266290665, 0.15544921159744263, 0.18970702588558197, 0.1314290314912796, 0.05966145917773247, 0.19087891280651093]}