{"ImageId": "v01891_s00048(f043550-f043771)_g00126_f043666", "BlueHistogram": [0.10558448731899261, 0.08958911895751953, 0.06335937231779099, 0.05418113246560097, 0.0810011550784111, 0.12736979126930237, 0.21545717120170593, 0.16771700978279114, 0.08002893626689911, 0.013880208134651184, 0.0011892360635101795, 0.000642361119389534, 0.0, 0.0, 0.0, 0.0], "GreenHistogram": [0.10497685521841049, 0.08917824178934097, 0.06019965186715126, 0.05135706067085266, 0.0725896954536438, 0.11983796209096909, 0.2070891261100769, 0.1809317171573639, 0.08974537253379822, 0.021889466792345047, 0.0014988426119089127, 0.0007002314669080079, 5.787037025584141e-06, 0.0, 0.0, 0.0], "RedHistogram": [0.09618633985519409, 0.00785011611878872, 0.07153934985399246, 0.06682580709457397, 0.049221642315387726, 0.06383680552244186, 0.1068258136510849, 0.16431134939193726, 0.20582175254821777, 0.12108507007360458, 0.0419386588037014, 0.0034895832650363445, 0.0008362268563359976, 0.00023148147738538682, 0.0, 0.0]}