{"ImageId": "v01939_s00057(f006915-f007001)_g00138_f006929", "BlueHistogram": [0.09383788704872131, 0.06213216111063957, 0.05530599132180214, 0.044100478291511536, 0.06993923336267471, 0.05226454138755798, 0.028572048991918564, 0.02094075456261635, 0.01693793386220932, 0.014720052480697632, 0.018166232854127884, 0.05918402597308159, 0.19937609136104584, 0.21866536140441895, 0.044946830719709396, 0.0009103732882067561], "GreenHistogram": [0.024909939616918564, 0.05315321311354637, 0.09867513179779053, 0.1072319895029068, 0.0708799883723259, 0.039912108331918716, 0.027524957433342934, 0.020498046651482582, 0.015826823189854622, 0.013315971940755844, 0.025449218228459358, 0.10417643189430237, 0.23837240040302277, 0.1563270390033722, 0.0034082031343132257, 0.00033854166395030916], "RedHistogram": [0.025622829794883728, 0.054022353142499924, 0.08609483391046524, 0.06883897632360458, 0.05318902060389519, 0.0457899309694767, 0.04819010570645332, 0.04778103157877922, 0.02864583395421505, 0.019678819924592972, 0.04274305701255798, 0.15935872495174408, 0.21418185532093048, 0.10413628816604614, 0.0016232639318332076, 0.00010308159835403785]}